category,title,summary,severity,is_novel,processed_at,source_bronze
macroeconomic,Global Economic Conditions Impact,"Adverse global economic conditions, such as recession or inflation, can significantly reduce consumer spending and demand for Apple's products, affecting its financial performance.",4,False,2026-02-12T17:58:09.403713+00:00,bronze_10k_risk_text.csv
operational,Supply Chain Disruptions,"Apple's reliance on international suppliers and manufacturers exposes it to risks of supply chain disruptions due to geopolitical tensions, natural disasters, or industrial accidents.",4,False,2026-02-12T17:58:09.403713+00:00,bronze_10k_risk_text.csv
competitive,Intense Market Competition,"Apple faces aggressive competition in the technology market, which can lead to price wars, reduced margins, and the need for continuous innovation to maintain market share.",4,False,2026-02-12T17:58:09.403713+00:00,bronze_10k_risk_text.csv
regulatory,Trade Restrictions and Tariffs,"New tariffs and trade restrictions, especially those affecting key manufacturing regions, can increase costs and disrupt Apple's supply chain and market access.",4,True,2026-02-12T17:58:09.403713+00:00,bronze_10k_risk_text.csv
technology,Rapid Technological Change,"The fast pace of technological advancements requires Apple to continuously innovate and invest in R&D to stay competitive, which may not always yield expected returns.",3,False,2026-02-12T17:58:09.403713+00:00,bronze_10k_risk_text.csv
legal,Intellectual Property Litigation,"Apple is frequently involved in legal disputes over intellectual property rights, which can result in costly settlements or changes to business practices.",3,False,2026-02-12T17:58:09.403713+00:00,bronze_10k_risk_text.csv
operational,Component Supply Shortages,"Dependence on single-source suppliers for key components exposes Apple to risks of shortages and price fluctuations, impacting production and profitability.",3,False,2026-02-12T17:58:09.403713+00:00,bronze_10k_risk_text.csv
financial,Currency Fluctuations,"As a global company, Apple is exposed to currency exchange rate fluctuations, which can affect its financial results and pricing strategies.",3,False,2026-02-12T17:58:09.403713+00:00,bronze_10k_risk_text.csv
esg,Climate Change and Natural Disasters,"Increasing frequency of natural disasters due to climate change can disrupt Apple's operations and supply chain, leading to increased costs and operational challenges.",3,True,2026-02-12T17:58:09.403713+00:00,bronze_10k_risk_text.csv
technology,Cybersecurity Threats,"Apple faces regular cybersecurity threats that can compromise customer data and disrupt operations, potentially damaging its reputation and financial standing.",3,False,2026-02-12T17:58:09.403713+00:00,bronze_10k_risk_text.csv
operational,Product Defects and Recalls,"Design and manufacturing defects in Apple's products can lead to recalls, legal liabilities, and damage to brand reputation.",3,False,2026-02-12T17:58:09.403713+00:00,bronze_10k_risk_text.csv
regulatory,Compliance with Global Regulations,"Apple's operations are subject to complex global regulations, and non-compliance can result in legal penalties and operational restrictions.",3,False,2026-02-12T17:58:09.403713+00:00,bronze_10k_risk_text.csv
financial,Credit and Collectibility Risks,"Economic downturns can increase credit risks and affect Apple's ability to collect receivables, impacting cash flow and financial health.",3,False,2026-02-12T17:58:09.403713+00:00,bronze_10k_risk_text.csv
competitive,Third-Party Developer Support,"Apple's success partly depends on third-party developers creating software for its platforms, and a decline in support can reduce product attractiveness.",2,False,2026-02-12T17:58:09.403713+00:00,bronze_10k_risk_text.csv
legal,Government Investigations,"Ongoing and potential government investigations can lead to legal costs, fines, and changes in business practices, affecting Apple's operations.",2,False,2026-02-12T17:58:09.403713+00:00,bronze_10k_risk_text.csv
esg,Workforce Dynamics and Culture,"Apple's ability to attract and retain talent is crucial, and failure to maintain a positive work culture can impact innovation and operational success.",2,True,2026-02-12T17:58:09.403713+00:00,bronze_10k_risk_text.csv
financial,Inventory and Asset Write-Downs,"Rapid technological changes can lead to inventory obsolescence and asset write-downs, affecting Apple's financial statements.",2,False,2026-02-12T17:58:09.403713+00:00,bronze_10k_risk_text.csv
operational,Logistical Challenges,"Outsourcing logistics management reduces Apple's control over distribution, potentially affecting product availability and customer satisfaction.",2,False,2026-02-12T17:58:09.403713+00:00,bronze_10k_risk_text.csv
regulatory,Data Privacy and Security Regulations,"Compliance with evolving data privacy laws is critical, and breaches can lead to significant legal and financial repercussions.",2,False,2026-02-12T17:58:09.403713+00:00,bronze_10k_risk_text.csv
technology,Integration of New Technologies,"Incorporating new technologies like AI poses risks of technical issues and user safety concerns, impacting product performance and reputation.",2,True,2026-02-12T17:58:09.403713+00:00,bronze_10k_risk_text.csv
